percentile,tr_ae,tr_se,tr_ape,va_ae,va_se,va_ape,te_ae,te_se,te_ape
1,1.056004e-04,1.115144e-08,1.561503e-02,1.515985e-04,2.298211e-08,2.155228e-02,9.066105e-05,8.219454e-09,1.307972e-02
2,2.016854e-04,4.067704e-08,3.030218e-02,2.384782e-04,5.687219e-08,3.742113e-02,1.838493e-04,3.380067e-08,2.490856e-02
3,2.771521e-04,7.681332e-08,4.098015e-02,3.452373e-04,1.192665e-07,5.286499e-02,3.258419e-04,1.061735e-07,4.486328e-02
4,3.621364e-04,1.311432e-07,5.376885e-02,4.618549e-04,2.133136e-07,7.100487e-02,3.901196e-04,1.521969e-07,5.764673e-02
5,4.397869e-04,1.934128e-07,6.597365e-02,5.602479e-04,3.138783e-07,7.880273e-02,5.732656e-04,3.287069e-07,8.180824e-02
6,5.443430e-04,2.963093e-07,7.752726e-02,6.749129e-04,4.555087e-07,9.772623e-02,6.836152e-04,4.673299e-07,9.720487e-02
7,6.196308e-04,3.839428e-07,9.241538e-02,8.158135e-04,6.655567e-07,1.183518e-01,7.854569e-04,6.169480e-07,1.156803e-01
8,7.137585e-04,5.094512e-07,1.055796e-01,9.377766e-04,8.794250e-07,1.362918e-01,8.990312e-04,8.082583e-07,1.303201e-01
9,7.885814e-04,6.218607e-07,1.175983e-01,9.792352e-04,9.589017e-07,1.474338e-01,1.022328e-03,1.045155e-06,1.413749e-01
10,8.690119e-04,7.551817e-07,1.287452e-01,1.075733e-03,1.157224e-06,1.599824e-01,1.126027e-03,1.267937e-06,1.597977e-01
11,9.756827e-04,9.519578e-07,1.429154e-01,1.173248e-03,1.376523e-06,1.718118e-01,1.202585e-03,1.446210e-06,1.745221e-01
12,1.071796e-03,1.148748e-06,1.580481e-01,1.250021e-03,1.562556e-06,1.892098e-01,1.317239e-03,1.735118e-06,1.885681e-01
13,1.179695e-03,1.391681e-06,1.717817e-01,1.353993e-03,1.833302e-06,2.035603e-01,1.452663e-03,2.110262e-06,2.012120e-01
14,1.254301e-03,1.573271e-06,1.874884e-01,1.487916e-03,2.213898e-06,2.181770e-01,1.557164e-03,2.424760e-06,2.174310e-01
15,1.336932e-03,1.787388e-06,1.978324e-01,1.565826e-03,2.451811e-06,2.342552e-01,1.651853e-03,2.728620e-06,2.298551e-01
16,1.420987e-03,2.019206e-06,2.130626e-01,1.702168e-03,2.897423e-06,2.502908e-01,1.732965e-03,3.003275e-06,2.462951e-01
17,1.515896e-03,2.297943e-06,2.279424e-01,1.811104e-03,3.280099e-06,2.698150e-01,1.825120e-03,3.331070e-06,2.622452e-01
18,1.610432e-03,2.593490e-06,2.406157e-01,1.891565e-03,3.578046e-06,2.890016e-01,1.943080e-03,3.775568e-06,2.814506e-01
19,1.695871e-03,2.875980e-06,2.521260e-01,1.986697e-03,3.946966e-06,3.020911e-01,2.068533e-03,4.278827e-06,2.948658e-01
20,1.785743e-03,3.188879e-06,2.650131e-01,2.094364e-03,4.386516e-06,3.169457e-01,2.196944e-03,4.826563e-06,3.098869e-01
21,1.861210e-03,3.464103e-06,2.756116e-01,2.257533e-03,5.096463e-06,3.342782e-01,2.292196e-03,5.254161e-06,3.278601e-01
22,1.930323e-03,3.726146e-06,2.847902e-01,2.378774e-03,5.658565e-06,3.523168e-01,2.410004e-03,5.808132e-06,3.383756e-01
23,2.011566e-03,4.046398e-06,2.963651e-01,2.492919e-03,6.214646e-06,3.720924e-01,2.487803e-03,6.189162e-06,3.519062e-01
24,2.107599e-03,4.441974e-06,3.080594e-01,2.662430e-03,7.088532e-06,3.891217e-01,2.607670e-03,6.799944e-06,3.705199e-01
25,2.174079e-03,4.726621e-06,3.188272e-01,2.789974e-03,7.783956e-06,4.116499e-01,2.724290e-03,7.421771e-06,3.905413e-01
26,2.264938e-03,5.129946e-06,3.327103e-01,2.895474e-03,8.383792e-06,4.323046e-01,2.866187e-03,8.215033e-06,4.057496e-01
27,2.334280e-03,5.448863e-06,3.457240e-01,3.010089e-03,9.060638e-06,4.451217e-01,2.974452e-03,8.847364e-06,4.192303e-01
28,2.424972e-03,5.880490e-06,3.604206e-01,3.179934e-03,1.011198e-05,4.636823e-01,3.087971e-03,9.535569e-06,4.349621e-01
29,2.511206e-03,6.306154e-06,3.717979e-01,3.312984e-03,1.097586e-05,4.843307e-01,3.168620e-03,1.004015e-05,4.496869e-01
30,2.603495e-03,6.778187e-06,3.833209e-01,3.432798e-03,1.178411e-05,4.981612e-01,3.265107e-03,1.066094e-05,4.730789e-01
31,2.699940e-03,7.289678e-06,3.990750e-01,3.557701e-03,1.265724e-05,5.189091e-01,3.397273e-03,1.154146e-05,4.875728e-01
32,2.800584e-03,7.843270e-06,4.161635e-01,3.677847e-03,1.352656e-05,5.374311e-01,3.536844e-03,1.250927e-05,5.064385e-01
33,2.884667e-03,8.321303e-06,4.280229e-01,3.807652e-03,1.449821e-05,5.572571e-01,3.658304e-03,1.338319e-05,5.219971e-01
34,2.963428e-03,8.781908e-06,4.418472e-01,3.926759e-03,1.541944e-05,5.741287e-01,3.790944e-03,1.437125e-05,5.387544e-01
35,3.057706e-03,9.349570e-06,4.534462e-01,4.074967e-03,1.660536e-05,5.902016e-01,3.902143e-03,1.522673e-05,5.542968e-01
36,3.151302e-03,9.930707e-06,4.646755e-01,4.244342e-03,1.801462e-05,6.089121e-01,4.033864e-03,1.627206e-05,5.706348e-01
37,3.248749e-03,1.055437e-05,4.782359e-01,4.374368e-03,1.913531e-05,6.271361e-01,4.133127e-03,1.708274e-05,5.871160e-01
38,3.339620e-03,1.115306e-05,4.921163e-01,4.478164e-03,2.005395e-05,6.567362e-01,4.252374e-03,1.808269e-05,6.128466e-01
39,3.429332e-03,1.176032e-05,5.037246e-01,4.609251e-03,2.124522e-05,6.749240e-01,4.351896e-03,1.893906e-05,6.383434e-01
40,3.519666e-03,1.238805e-05,5.186619e-01,4.816854e-03,2.320208e-05,7.000680e-01,4.513133e-03,2.036837e-05,6.572155e-01
41,3.614666e-03,1.306582e-05,5.325288e-01,4.946024e-03,2.446316e-05,7.253133e-01,4.709682e-03,2.218118e-05,6.737312e-01
42,3.719316e-03,1.383331e-05,5.466090e-01,5.059628e-03,2.559993e-05,7.456473e-01,4.911146e-03,2.411937e-05,6.932648e-01
43,3.816669e-03,1.456696e-05,5.600381e-01,5.169060e-03,2.671921e-05,7.623285e-01,5.005304e-03,2.505307e-05,7.136423e-01
44,3.904240e-03,1.524309e-05,5.748089e-01,5.335035e-03,2.846260e-05,7.829043e-01,5.144231e-03,2.646312e-05,7.296543e-01
45,4.008651e-03,1.606929e-05,5.899909e-01,5.448902e-03,2.969054e-05,8.022674e-01,5.226374e-03,2.731498e-05,7.509426e-01
46,4.131916e-03,1.707273e-05,6.059173e-01,5.545800e-03,3.075589e-05,8.287271e-01,5.346043e-03,2.858031e-05,7.682659e-01
47,4.230065e-03,1.789345e-05,6.233100e-01,5.678129e-03,3.224117e-05,8.488380e-01,5.585763e-03,3.120075e-05,7.899845e-01
48,4.329851e-03,1.874761e-05,6.401107e-01,5.831788e-03,3.400980e-05,8.769970e-01,5.705183e-03,3.254911e-05,8.060949e-01
49,4.435952e-03,1.967767e-05,6.523861e-01,5.951860e-03,3.542465e-05,8.983996e-01,5.864540e-03,3.439286e-05,8.288205e-01
50,4.530072e-03,2.052155e-05,6.677633e-01,6.087899e-03,3.706252e-05,9.147755e-01,6.070733e-03,3.685380e-05,8.579021e-01
51,4.641299e-03,2.154166e-05,6.816362e-01,6.252956e-03,3.909946e-05,9.344082e-01,6.207048e-03,3.852744e-05,8.727987e-01
52,4.749746e-03,2.256009e-05,6.930345e-01,6.399682e-03,4.095592e-05,9.533230e-01,6.352689e-03,4.035666e-05,8.965073e-01
53,4.876339e-03,2.377869e-05,7.077650e-01,6.633379e-03,4.400175e-05,9.819301e-01,6.488129e-03,4.209582e-05,9.167573e-01
54,4.998732e-03,2.498732e-05,7.231546e-01,6.832449e-03,4.668237e-05,9.947521e-01,6.645789e-03,4.416652e-05,9.415567e-01
55,5.092704e-03,2.593564e-05,7.421858e-01,6.952810e-03,4.834160e-05,1.018694e+00,6.837481e-03,4.675116e-05,9.901744e-01
56,5.205059e-03,2.709264e-05,7.587800e-01,7.114747e-03,5.061967e-05,1.029637e+00,7.029502e-03,4.941390e-05,1.012711e+00
57,5.323925e-03,2.834418e-05,7.806550e-01,7.240067e-03,5.241857e-05,1.052365e+00,7.240440e-03,5.242397e-05,1.052415e+00
58,5.477536e-03,3.000340e-05,7.966524e-01,7.375801e-03,5.440244e-05,1.074221e+00,7.439039e-03,5.533931e-05,1.074276e+00
59,5.603945e-03,3.140420e-05,8.155652e-01,7.529757e-03,5.669727e-05,1.106876e+00,7.663741e-03,5.873295e-05,1.105457e+00
60,5.723715e-03,3.276091e-05,8.375170e-01,7.775927e-03,6.046526e-05,1.131684e+00,7.900000e-03,6.241000e-05,1.117066e+00
61,5.849845e-03,3.422069e-05,8.573926e-01,7.991397e-03,6.386257e-05,1.174821e+00,8.028759e-03,6.446096e-05,1.133579e+00
62,5.976217e-03,3.571517e-05,8.740550e-01,8.157499e-03,6.654479e-05,1.209971e+00,8.226130e-03,6.766922e-05,1.159980e+00
63,6.064560e-03,3.677889e-05,8.973474e-01,8.268440e-03,6.836710e-05,1.233402e+00,8.378028e-03,7.019137e-05,1.193759e+00
64,6.185167e-03,3.825629e-05,9.162000e-01,8.444390e-03,7.130773e-05,1.267823e+00,8.584104e-03,7.368685e-05,1.228906e+00
65,6.348383e-03,4.030198e-05,9.367272e-01,8.730888e-03,7.622842e-05,1.287940e+00,8.780694e-03,7.710061e-05,1.250564e+00
66,6.476700e-03,4.194765e-05,9.569155e-01,8.924923e-03,7.965425e-05,1.310468e+00,8.944981e-03,8.001269e-05,1.272331e+00
67,6.630421e-03,4.396248e-05,9.763257e-01,9.124353e-03,8.325382e-05,1.333350e+00,9.220101e-03,8.501031e-05,1.298943e+00
68,6.780984e-03,4.598175e-05,9.983716e-01,9.306045e-03,8.660247e-05,1.374730e+00,9.434845e-03,8.901631e-05,1.333663e+00
69,6.945639e-03,4.824191e-05,1.020289e+00,9.441295e-03,8.913808e-05,1.397900e+00,9.652220e-03,9.316535e-05,1.367216e+00
70,7.117200e-03,5.065453e-05,1.043135e+00,9.802735e-03,9.609385e-05,1.437946e+00,9.903729e-03,9.808392e-05,1.398270e+00
71,7.258770e-03,5.268975e-05,1.064240e+00,1.001588e-02,1.003179e-04,1.476195e+00,1.010473e-02,1.021055e-04,1.435752e+00
72,7.439718e-03,5.534941e-05,1.092335e+00,1.023564e-02,1.047684e-04,1.505672e+00,1.032125e-02,1.065283e-04,1.475552e+00
73,7.628515e-03,5.819424e-05,1.115470e+00,1.041869e-02,1.085491e-04,1.534571e+00,1.058498e-02,1.120419e-04,1.502262e+00
74,7.842724e-03,6.150833e-05,1.136436e+00,1.062583e-02,1.129084e-04,1.579723e+00,1.088503e-02,1.184839e-04,1.531542e+00
75,8.017540e-03,6.428095e-05,1.163577e+00,1.085484e-02,1.178276e-04,1.619323e+00,1.115710e-02,1.244808e-04,1.559480e+00
76,8.206272e-03,6.734290e-05,1.201316e+00,1.101101e-02,1.212424e-04,1.651102e+00,1.148205e-02,1.318374e-04,1.596582e+00
77,8.402469e-03,7.060149e-05,1.236212e+00,1.146982e-02,1.315567e-04,1.673186e+00,1.187002e-02,1.408975e-04,1.637314e+00
78,8.633301e-03,7.453390e-05,1.264291e+00,1.177963e-02,1.387601e-04,1.712843e+00,1.209623e-02,1.463189e-04,1.694620e+00
79,8.799000e-03,7.742242e-05,1.293771e+00,1.201120e-02,1.442690e-04,1.764472e+00,1.236258e-02,1.528334e-04,1.726987e+00
80,8.987784e-03,8.078027e-05,1.326832e+00,1.225464e-02,1.501764e-04,1.807230e+00,1.269422e-02,1.611431e-04,1.774843e+00
81,9.259531e-03,8.573892e-05,1.355226e+00,1.248264e-02,1.558164e-04,1.852457e+00,1.288011e-02,1.658974e-04,1.827593e+00
82,9.519789e-03,9.062639e-05,1.382813e+00,1.274460e-02,1.624249e-04,1.891755e+00,1.310310e-02,1.716913e-04,1.880435e+00
83,9.717705e-03,9.443380e-05,1.421063e+00,1.307751e-02,1.710212e-04,1.931120e+00,1.350494e-02,1.823836e-04,1.935900e+00
84,9.984245e-03,9.968516e-05,1.455484e+00,1.348336e-02,1.818011e-04,1.972603e+00,1.388016e-02,1.926588e-04,1.978633e+00
85,1.023531e-02,1.047616e-04,1.497029e+00,1.377776e-02,1.898266e-04,2.019632e+00,1.428053e-02,2.039338e-04,2.017418e+00
86,1.051454e-02,1.105555e-04,1.549179e+00,1.408531e-02,1.983960e-04,2.070078e+00,1.460886e-02,2.134190e-04,2.057512e+00
87,1.085889e-02,1.179155e-04,1.590087e+00,1.448316e-02,2.097620e-04,2.121144e+00,1.496358e-02,2.239087e-04,2.109944e+00
88,1.115978e-02,1.245406e-04,1.647605e+00,1.525968e-02,2.328577e-04,2.203626e+00,1.534940e-02,2.356043e-04,2.174655e+00
89,1.145757e-02,1.312760e-04,1.694327e+00,1.565672e-02,2.451331e-04,2.284368e+00,1.574204e-02,2.478117e-04,2.235780e+00
90,1.180519e-02,1.393625e-04,1.747245e+00,1.605188e-02,2.576627e-04,2.373330e+00,1.637425e-02,2.681162e-04,2.307519e+00
91,1.225540e-02,1.501949e-04,1.807806e+00,1.691777e-02,2.862110e-04,2.486910e+00,1.683910e-02,2.835554e-04,2.380418e+00
92,1.273365e-02,1.621458e-04,1.878993e+00,1.814937e-02,3.293996e-04,2.583062e+00,1.769799e-02,3.132190e-04,2.450053e+00
93,1.339483e-02,1.794215e-04,1.949341e+00,1.914606e-02,3.665727e-04,2.676069e+00,1.857550e-02,3.450493e-04,2.537554e+00
94,1.392093e-02,1.937922e-04,2.023617e+00,1.987783e-02,3.951281e-04,2.791308e+00,1.958684e-02,3.836447e-04,2.697839e+00
95,1.462311e-02,2.138356e-04,2.137106e+00,2.068720e-02,4.279622e-04,2.943063e+00,2.090632e-02,4.370850e-04,2.951048e+00
96,1.560677e-02,2.435714e-04,2.270155e+00,2.181562e-02,4.759218e-04,3.200146e+00,2.318237e-02,5.374238e-04,3.244782e+00
97,1.690726e-02,2.858554e-04,2.426357e+00,2.320762e-02,5.385946e-04,3.446682e+00,2.514281e-02,6.321608e-04,3.576835e+00
98,1.850738e-02,3.425232e-04,2.704962e+00,2.623206e-02,6.881218e-04,3.888420e+00,2.941661e-02,8.653501e-04,4.158571e+00
99,2.096394e-02,4.394867e-04,3.105256e+00,3.210590e-02,1.030831e-03,4.551945e+00,3.664739e-02,1.343065e-03,5.131357e+00
100,4.594487e-02,2.110931e-03,5.935924e+00,6.451190e-02,4.161784e-03,8.952910e+00,8.200675e-02,6.725107e-03,1.269231e+01
